[
  {
    "title": "Nuestra agenda se propone transversal",
    "description": "Las sexualidades y las experiencias sexo genéricas son temas que abarcan todas las agendas",
    "image": "images/features/diversa.png"
  },
  {
    "title": "Diversa e inclusiva",
    "description": "Que contemple interseccionalidades entre las sexualidades y las vivencias genéricas y cuestiones como la edad, la etnia o la nacionalidad.",
    "image": "images/features/lgbt.jpeg"
  },
  {
    "title": "Federal y latinoamericana",
    "description": "El trabajo en red puede reforzar estrategias regionales y es imprescindible para las de alcance nacional.",
    "image": "images/features/latam.jpeg"
  }
]
